Built,n,prop
3.4.0,484,0.5727810650887574
3.4.1,102,0.12071005917159763
3.4.2,100,0.11834319526627218
3.4.3,159,0.1881656804733728
