Built,n,prop
3.5.0,344,0.8621553884711779
3.5.1,46,0.11528822055137844
3.5.2,9,0.022556390977443608
